UserID,TeamID,Password
RoboFalcon,ACU1,V7!kQ#pL9@xT
BotCircuit,ACU1,mR4$zN8!yW2^
IronDrive,ACU1,Qp9@Lx3#Vt7!
TrackForge,ACU1,J8^nK$4!sP2@
MotionShift,ACU1,wT6#zM9@qL1$
BotShift,ACU1,Xr3!Vb8^Np5@
TitanDrive,AUBIE2,K9@tY#2!mQ7$
PulseGear,AUBIE2,cL4^Wz8@Rp1!
TrackNova,AUBIE2,P7#xN$5!kT9@
WheelSync,AUBIE2,hQ2@Vm8^L#4!
RapidForge,AUBIE2,Z5!pR@7#nX3$
ServoVault,AUBIE2,uN8^kT2@qL9!
RapidCore,AUBIE2,F3#vP$6!mW1@
WheelStorm,AUBIE2,yL9@Xr4^Q#7!
TitanShift,AUBIE2,B2!tK@8#pN5$
MechaPulse,BISON1,sM7^wQ3@L!9#
MechaTrail,BISON1,G4@xV#1!nT8$
AxisPulse,BISON1,pR6!zL9^K@2#
DriveStorm,BISON1,T8$mQ4@wX!7#
SteelNova,BISON1,nY3^pL7@V#5!
DrivePulse,BISON1,W9!kR@2#tM6$
TitanStorm,BISON1,xP5^N8@qL!3#
CodeCore,BISON1,L7@vT#4!mQ9$
WheelForge,BISON1,rZ2!wK@8^pX5
VexNova,CLNKR,M4#nQ$7!tL1@
NovaClamp,CLNKR,qT9^xP3@V!6#
RoboTrail,CLNKR,K8!mR@5#wL2$
PulseVault,CLNKR,V1@pN7^tQ#9!
LiftRunner,CLNKR,zL6#xT$4!mK8
BotForge,CYBER,P3!qW@9^nR#5
SteelAxis,CYBER,tX7@kL#2!mV8
MotionForge,CYBER,N5^pQ4@wT!1#
MechaCore,CYBER,R8!vM@6#xL3$
CyberGrid,CYBER,yQ2@tP9^kN#7
SteelSpark,ETAMU,F7#mL$3!wX8@
DriveVolt,ETAMU,uV4!qR@8#pT1
ServoGrid,ETAMU,J9^xN2@kL!5#
IronClamp,ETAMU,wP6@tM#7!qV3
DriveClamp,ETAMU,X3!nQ@5^rL#8
MotorClamp,ETAMU,K7@pT#1!mW9$
WheelVault,ETAMU,cR4^vL8@xQ!2
FrameNova,ETAMU,P9#kM$6!tN3@
CodeRunner,ETAMU,hT2@wQ8^pL#7
GearGrid,FOUR4,Z6!xR@4#nV9$
LogicLift,FOUR4,uL1^mP7@qT!5
CodeRotor,FOUR4,B8#vQ$3!kX2@
RapidNova,FOUR4,sN5@tL#9!wR6
SparkVault,FOUR4,G2!pM@8^xQ#4
AxisTrail,FOUR4,pT7^kV3@nL!9
CodeForge,FOUR4,T4$wR6@qX!1#
TorqueClamp,FOUR4,nQ9^xL2@pM#8
ProtoWheel,ILLIN1,W5!tP@7#kV3$
RotorRush,ILLIN1,xL8^mQ4@rN!2
PivotSpark,ILLIN1,L3@vT#9!pW6$
CodeDrive,ILLIN1,rK7!xM@5^qL#1
GearPulse,ILLIN1,M9#pR$2!tV8@
RapidStorm,ILLIN1,qN4^wL7@xQ!5
FrameRunner,ILLIN1,K6!tP@3#mR9$
CyberRunner,ILLIN1,V2@xQ8^nL#7!
FrameCore,ILLIN1,zT5#kM$1!pW6
ServoStorm,ILLIN1,P8!rL@4^qV#2
CyberClamp,ILLIN2,tQ3@wN#7!xL9
TitanTrack,ILLIN2,N7^mP5@kT!1#
RapidCore,ILLIN2,R1!vQ@9#pL6$
LiftMesh,ILLIN2,yX4@tM8^qN#3
BoltRunner,INTRT,F8#kL$2!wR7@
ServoForge,INTRT,uP5!xQ@6#nT1
SteelTrail,INTRT,J3^mV9@rL!8#
TitanGrid,INTRT,wT7@pN#4!qX2
ServoStorm,JACKS,X9!kR@1^mL#5
CyberPivot,JACKS,K4@vQ#8!tP7$
TitanBolt,JACKS,cL2^xT6@pN!9
CyberTrail,JACKS,P7#mR$3!wQ8@
ServoTrack,JACKS,hV5@kL#1!xT9
WheelCore,JACKS,Z8!pQ@4^nR#2
CyberCore,JACKS,uT6^wM7@qL!3
LiftPulse,JACKS,B1#xP$9!kV5@
CircuitCore,JHAWK,sQ4@tL#8!mR2
MotorCore,JHAWK,G7!vN@3^pX#6
LiftPulse,JHAWK,pL9^kQ5@wT!1
GearRunner,JHAWK,T2$xR8@mV!7#
TitanCore,JHAWK,nP6^qL4@tN#3
CodeGrid,JHAWK,W8!mQ@1#xK9$
LiftForge,JHAWK,xT3^pR7@vL!5
SparkForge,JHAWK,L5@kN#2!wQ8$
DriveMatrix,KGEAR,rV9!tM@4^xL#1
ClawDrive,KGEAR,M6#qP$8!nR3@
CyberForge,KGEAR,qL1^wT9@kV!7
SparkClamp,KGEAR,K3!xQ@5#mP8$
MotorRush,KGEAR,V7@tL2^pN#4!
FramePulse,KGEAR,zR8#kM$6!wQ1
SparkTrail,KGEAR,P4!vT@9^xL#3
AutoClaw,MINES,tN5@qR#1!mK7
FrameShift,MINES,sT5^xP9@qM!2#
DriveSync,MINES,xQ7!mL@4#pT9$
MotorVault,MINES,V3^kR8@wN!2#
AxisNova,MINES,pL9@tQ#5!xM7^
TorqueRunner,MINES,K6!vP@1#nT8$
GearShift,MINES,rW4^xL7@qM!9#
GearCore,MINES,T2@kN#8!pV5$
TorqueNova,MINES,mQ9^tR3@xL!1#
DriveNova,MINES,B7!pM@6#wT4$
TitanCore,MINES,zL5^qX8@nR!2#
LiftLogic,MTG7,F1@vK#9!tP7$
WheelPulse,MTG7,uT8!mQ@2#xL6$
MotorShift,MTG7,J4^pR7@wN!3#
AxisShift,MTG7,nV9@kL#5!qT1$
DriveLogic,MTG7,W6!xM@8#pQ4$
CyberNova,MTG7,cR3^tL9@vN!7#
BotNova,MTG7,P5@qK#1!xT8$
IronRotor,ORDGR,hL7!mR@4#wQ2$
AutoTorque,ORDGR,Z2^pV8@nT!6#
BotClamp,ORDGR,yQ9@xL#3!kM5$
DriveForge,ORDGR,G4!tP@7#rN1$
WheelForge,ORDGR,sM8^wQ2@vL!9#
LiftShift,ORDGR,X1@pR#6!kT7$
ServoClamp,ORDGR,K9!xN@3#qL5$
BotVault,ORDGR,pT4^mV7@wQ!2#
CyberPulse,ORDGR,L8@rK#1!xP6$
MotorTrail,ORDGR,R5!qT@9#nL3$
WheelRunner,ORDGR,uV2^kM8@pQ!7#
CodeNova,ORDGR,F7@xL#4!tR1$
MotionMesh,RVRSE,wQ3!pN@6#mT8$
SparkMesh,RVRSE,J9^vK5@xL!2#
TorqueRunner,RVRSE,nR4@tP#7!qM1$
BotPulse,RVRSE,B6!xQ@8#kL3$
CodePulse,RVRSE,zT1^mV9@wR!5#
SparkCore,RVRSE,P8@qL#2!xN7$
DriveCore,RVRSE,hK5!tM@4#pQ9$
ServoRunner,RVRSE,Z7^xR1@nL!6#
TorqueTrail,SKERS,yP3@vQ#8!mT2$
GridMotion,SKERS,G9!kL@5#wR4$
FrameNova,SKERS,sT2^pN7@xQ!1#
ServoNova,SKERS,X4@mR#6!vL8$
FrameTrail,SKERS,K1!qP@9#tN5$
GearForge,SKERS,rL8^xT3@wM!7#
MotorPulse,SKERS,T5@kQ#2!pV9$
DriveTrail,SKERS,mN7!vR@4#xL1$
LiftRunner,SKERS,F3^pT8@qM!6#
SensorSync,SYSTM,uQ9@xL#5!kR2$
LiftStorm,SYSTM,J6!wP@1#nT7$
GearStorm,SYSTM,nL4^mQ8@vR!3#
TorqueCore,SYSTM,W2@tK#9!xP5$
TorqueMesh,SYSTM,cV7!qL@6#mT1$
BotTrail,SYSTM,P9^xR3@nQ!8#
AxisRunner,SYSTM,hT5@kM#2!pL7$
MotorCore,SYSTM,Z1!vQ@4#wR9$
SparkClamp,SYSTM,yL8^pN6@xT!3#
AxisForge,SYSTM,G3@qR#7!mK5$
RapidWheel,TNTN,sP6!xL@9#tQ2$
DriveBolt,TNTN,X8^mV1@wN!4#
AxisCore,TNTN,K2@pT#5!qL7$
WheelTrail,TNTN,rQ9!vM@3#xR1$
CyberStorm,TNTN,T4^kL8@nP!6#
ServoPulse,TNTN,mR1@wQ#7!tV5$
RapidForge,TNTN,F8!xP@2#kL9$
AxisPulse,TNTN,uT3^qN6@vR!1#
GearForge,TNTN,J5@mL#8!xQ4$
RapidPulse,TNTN,nP7!tR@9#wK2$
CodeCrank,UMN,B4^xL1@qM!8#
BotRunner,UMN,zQ6@vT#3!pN5$
SparkTrail,UMN,P2!kR@7#mL9$
RotorStorm,UMN,Z5@pL#6!wR3$
LiftCore,UMN,yT1!mQ@9#xK7$
DriveRunner,UMN,G7^vP2@rL!4#
TitanPulse,UMN,sL3@qN#8!tM6$
RapidNova,UMN,X9!kT@5#pR1$
BotCore,UMN,K4^xL7@wQ!2#
AxisForge,UND,rM8@vP#1!qT6$
GearVault,UND,T6!pN@3#xL9$
ServoRush,UND,mQ2^kR8@wV!5#
TrackPulse,UND,F9@tL#4!xP1$
SparkRunner,UND,uR5!mQ@7#nT3$
MotorNova,UND,J1^xL9@pV!6#
SparkDrive,WCOE,nT8@qK#2!wR4$
ClampCore,WCOE,W3!vM@5#xL7$
RotorLogic,WCOE,cQ7^pT1@nR!9#
FrameCore,WCOE,P4@kL#8!mV2$
GearNova,WCOE,hX9!qR@3#tN6$
AxisClamp,WCOE,Z6^wP5@xL!1#